customer_id,customer_name,region,rep_id,channel,tier,base_monthly_value,onboard_date,competitor_pressure,lat,lon
C1000,榮長海運股份有限公司,高雄,L113,診所,C,12755.112374201284,2025-07-10,0,22.56976704395026,120.35410701807844
C1001,台灣雅萊（Y'ORÉAL）有限公司,新北,L108,藥局,B,74121.66167272087,2025-08-26,0,25.038826643861846,121.48756395669577
C1002,遊戲葡萄數位科技資訊有限公司,台南,L107,藥局,C,13330.227848067774,2025-09-03,0,22.94929061138225,120.17753112705853
C1003,台灣來自水,台南,L107,診所,C,21309.715630694423,2023-04-01,0,23.01282131580374,120.27928572667689
C1004,大八電視有限公司,台南,L107,診所,A,174430.9253002566,2023-05-05,0,22.9613673291054,120.2104914649264
C1005,台灣地土銀行有限公司,台北,L100,藥局,B,67074.93715788142,2024-03-27,0,25.080600834111998,121.5444764956651
C1006,品王餐飲股份有限公司,台北,L106,診所,B,37866.67172259374,2025-04-23,0,25.074429121244066,121.5397648412198
C1007,榮長海運,台中,L110,藥局,B,34183.51059492372,2026-01-24,1,24.176918348847135,120.64543585958783
C1008,樂可旅遊集團資訊有限公司,高雄,L115,診所,C,9633.265961253284,2023-12-08,0,22.540473251654618,120.22203802325873
C1009,台灣地土銀行股份有限公司,台中,L104,藥妝通路,C,20132.519887247483,2023-08-05,0,24.135373746527943,120.61659867670537
C1010,豐兆國際商業銀行資訊有限公司,花東,L105,藥局,B,56857.076291804275,2023-01-16,1,23.666030437456172,121.15836057268129
C1011,湖劍山世界股份有限公司,花東,L105,藥局,C,3915.5118249616344,2024-06-21,0,23.71921226354897,121.23219817347318
C1012,碩華電腦股份有限公司,台南,L102,診所,C,16000.14081259117,2026-05-01,1,22.93876525512755,120.24581083084702
C1013,品王餐飲股份有限公司,台南,L102,藥局,B,56445.042880684145,2025-05-14,0,22.97477856438922,120.19027419205642
C1014,全味食品工業股份有限公司,台北,L106,藥局,C,5388.666304979758,2023-10-08,0,25.04984120601709,121.6714757948148
C1015,豐兆國際商業銀行資訊有限公司,台北,L117,診所,C,15206.754326612634,2024-12-15,1,25.08330935222418,121.51122436931477
C1016,一統企業資訊有限公司,高雄,L112,診所,C,6621.371986804399,2026-03-30,0,22.550623745540825,120.31175527506333
C1017,品誠有限公司,花東,L105,藥妝通路,C,19984.273506441736,2023-10-24,0,23.7235253863077,121.23654535951977
C1018,國中鋼鐵股份有限公司,高雄,L112,藥妝通路,B,70711.19696686984,2025-09-17,0,22.560877259077394,120.24771637886265
C1019,達台電子股份有限公司,新北,L108,藥局,C,3306.598329580434,2025-07-07,0,25.05553632759661,121.33978967393814
C1020,天中電視資訊有限公司,桃園,L109,藥局,C,18738.956851547635,2023-07-04,0,24.964549833999985,121.28133961433828
C1021,雄遠建設事業有限公司,台北,L106,藥局,C,3546.908810497639,2024-03-25,0,24.967936715666,121.57082938689767
C1022,資華粧業（生資堂）,高雄,L113,藥妝通路,C,13282.395234216414,2023-04-29,0,22.699651217253297,120.25765496973538
C1023,台灣力電,新北,L108,診所,C,16268.357461451964,2024-10-16,0,25.08433164384756,121.45714424674485
C1024,台灣鐵高股份有限公司,高雄,L115,藥局,B,66030.78541338956,2026-01-02,0,22.60520506259272,120.32189333305644
C1025,華晶國際酒店,花東,L105,診所,A,190516.45669849403,2025-10-24,0,23.68350957536152,121.12841675059947
C1026,遠西百貨股份有限公司,高雄,L101,醫院,C,9995.804132945086,2024-06-06,1,22.58400651798743,120.3203896557004
C1027,全味食品工業資訊有限公司,新北,L108,診所,B,56417.795845852495,2026-03-24,0,25.03256946301449,121.396055311681
C1028,台灣力電資訊有限公司,台北,L117,醫院,C,22858.369166407574,2022-07-23,1,25.048823032261392,121.56854800790137
C1029,台灣印無品良股份有限公司,台南,L107,診所,C,13181.586043057348,2024-11-25,0,23.017459639381226,120.20468512512073
C1030,台灣酒菸,台中,L104,診所,B,45151.584740443606,2024-12-03,0,24.12763262965865,120.75160267568194
C1031,樂可旅遊集團資訊有限公司,台南,L107,藥局,B,71670.82688254936,2023-04-01,0,23.003692748951554,120.18515457060198
C1032,衣優庫（Nuiqlo）有限公司,新北,L108,診所,C,16516.35429192224,2026-01-17,1,25.060746481468318,121.36847758466081
C1033,Goagle股份有限公司,高雄,L114,藥妝通路,C,20492.52645762789,2022-09-09,0,22.554306391037134,120.2611315833562
C1034,台北邦富商業銀行資訊有限公司,台北,L109,診所,C,14497.899061288701,2023-05-29,1,25.129972580899075,121.44160570339172
C1035,明陽海運,台南,L102,診所,A,90525.08142929222,2023-05-14,0,23.063808293359344,120.24097268120823
C1036,興復航空運輸資訊有限公司,花東,L111,診所,B,33668.64067437498,2022-09-23,0,23.690299458180828,121.23328733285955
C1037,發聯科技有限公司,高雄,L101,藥妝通路,C,24705.893988335083,2023-08-04,1,22.660546990079446,120.44105918602077
C1038,台灣士賓股份有限公司,台中,L116,診所,C,12994.995160518423,2023-03-02,0,24.05162332377287,120.62595182259847
C1039,一統星巴克有限公司,台南,L102,藥妝通路,C,22342.400534770397,2025-04-20,1,23.04181721757328,120.23529448592352
C1040,碩華電腦,桃園,L111,藥妝通路,A,108899.36696493765,2025-08-21,1,25.024870035343927,121.28504967248507
C1041,邦城文化事業有限公司,台北,L100,醫院,C,21686.994544307603,2026-03-12,1,25.015906956017048,121.57726740491651
C1042,資華粧業（生資堂）有限公司,台北,L117,藥局,A,104213.85328628664,2023-06-25,0,24.982756106570353,121.52973597886808
C1043,全味食品工業股份有限公司,台南,L107,診所,B,78911.26316942749,2026-03-16,0,23.028181825307794,120.21913480095874
C1044,榮長航空資訊有限公司,高雄,L113,診所,A,102023.98746563827,2023-04-30,0,22.64701972013695,120.32311531123572
C1045,神漢名店百貨有限公司,台南,L102,診所,C,23693.077013301405,2025-11-01,0,23.020626553642778,120.34406075360758
C1046,達台電子資訊有限公司,花東,L105,診所,B,48534.676752474246,2023-12-02,0,23.647797871643036,121.04902595040147
C1047,瑞輝大藥廠,台北,L117,診所,A,130208.00529882325,2024-02-29,0,25.008575305818983,121.5483381697176
C1048,台灣力電,台南,L107,診所,C,16772.274580703255,2024-12-30,0,23.08569287039637,120.2324912106904
C1049,台灣力電股份有限公司,台南,L102,藥局,C,21422.411971591508,2024-06-21,0,23.039635114178807,120.29211722026676
C1050,合作庫金商業銀行股份有限公司,花東,L111,診所,B,42264.13533910941,2026-05-12,1,23.60809635018637,121.22623173378884
C1051,輝燁企業資訊有限公司,台北,L109,藥局,A,123790.3233293903,2023-05-18,0,25.06090481257002,121.47174249882033
C1052,天中電視,新北,L108,診所,C,14551.942665279747,2025-10-10,0,25.070768924504634,121.56053621685744
C1053,台灣地土銀行,花東,L111,藥局,C,11636.599748522238,2026-02-07,1,23.713293729399364,121.2382830813002
C1054,台灣人銀行,花東,L105,診所,C,9425.305266919624,2024-06-27,0,23.554144381705974,121.09720605349375
C1055,品誠股份有限公司,新北,L108,藥局,C,19783.86641886964,2026-03-11,0,25.059310978453944,121.50255995822313
C1056,台灣地土銀行股份有限公司,新北,L108,藥局,B,71860.8534284643,2022-11-01,0,24.954964239765328,121.38813169274394
C1057,天上雜誌股份有限公司,台南,L102,藥局,A,127826.30080418487,2025-09-20,0,23.044064760338056,120.21742110155468
C1058,華晶國際酒店有限公司,台南,L107,診所,B,25402.29509611586,2023-08-25,0,22.912410650884535,120.30717116600073
C1059,邦富人壽保險資訊有限公司,花東,L105,藥局,C,20204.113756239898,2023-01-01,0,23.81763779184488,121.07380311683424
C1060,榮長海運有限公司,台南,L107,藥局,C,19142.576943634158,2023-06-19,0,22.900594451109246,120.15013584758925
C1061,麥當當股份有限公司,台中,L116,藥局,C,12054.672048269318,2023-04-17,0,24.110044747813784,120.63540308301386
C1062,愛味之,新北,L108,藥局,A,124724.2809568081,2023-10-04,0,25.043679328852583,121.41440406574156
C1063,台灣力電資訊有限公司,花東,L111,藥局,A,108144.21805295582,2026-05-27,0,23.660620043952285,121.172668177604
C1064,資華粧業（生資堂）,高雄,L114,藥妝通路,C,10656.691315009315,2023-01-21,0,22.51108971756279,120.28277096142824
C1065,Goagle有限公司,桃園,L102,藥妝通路,B,43805.98162001132,2023-03-28,1,25.003917619946225,121.2807604902759
C1066,創群光電（奇原美電子）資訊有限公司,新北,L108,診所,C,16094.682489094179,2024-11-14,1,25.12776950077736,121.4523496359717
C1067,台灣力電,台北,L106,醫院,B,49930.395407508986,2025-01-24,0,24.931482241049814,121.56434623041135
C1068,品誠資訊有限公司,台中,L110,診所,C,22999.425917304867,2024-05-01,1,24.194790642196487,120.68994218531645
C1069,湖劍山世界有限公司,台北,L106,診所,B,73087.29009099441,2024-03-16,1,25.022984324193487,121.61440655203205
C1070,樂可旅遊集團資訊有限公司,花東,L105,藥妝通路,C,20326.976397045462,2025-09-09,0,23.787702466417805,121.11686957041104
C1071,輝燁企業資訊有限公司,桃園,L117,藥局,B,77787.59872810711,2026-04-04,0,24.935781693337873,121.24609063304925
C1072,天中電視股份有限公司,新北,L108,診所,A,93392.0441899072,2023-09-01,0,25.05041293755645,121.44950783305616
C1073,樂可旅遊集團,台中,L103,醫院,A,183531.74764890538,2024-06-28,0,24.18884494211648,120.65254285706692
C1074,松黑,桃園,L108,診所,B,51392.48703030858,2025-07-09,0,25.039639034427676,121.23259034485243
C1075,德汎有限公司,高雄,L113,藥局,B,32601.29544011919,2026-05-20,0,22.67572049691667,120.2042076803365
C1076,華福大飯店,台中,L110,診所,C,3104.3106440612264,2023-01-21,0,24.178677854326086,120.65129699820486
C1077,榮長航空資訊有限公司,台南,L107,診所,C,24662.28973958816,2024-12-29,1,23.051001159457837,120.26537758456988
C1078,心安食品服務（斯摩漢堡）,高雄,L101,診所,B,29295.961619420013,2025-01-20,0,22.593928482469053,120.2246095425416
C1079,塑台石化資訊有限公司,台南,L107,藥局,B,57660.68014156462,2025-11-08,0,23.023519478269932,120.23062315570547
C1080,遠西百貨,台南,L102,醫院,A,199170.1498316608,2022-11-18,1,22.987525160912266,120.1620543681567
C1081,古太可口可樂有限公司,花東,L105,醫院,C,21397.393890537227,2026-05-07,0,23.76135342433378,121.20595021057312
C1082,台灣印無品良有限公司,新北,L108,診所,C,17907.65679919547,2023-07-23,0,25.008966280608128,121.38814764726835
C1083,明陽海運股份有限公司,新北,L108,藥局,A,175523.4267572454,2026-01-18,1,24.99278044519225,121.4774462633387
C1084,華晶國際酒店資訊有限公司,桃園,L108,藥妝通路,B,72244.05733067426,2025-08-01,0,24.88188929080545,121.3027465967946
C1085,大八電視資訊有限公司,新北,L108,診所,C,20225.12286057387,2024-03-04,0,24.994111609292606,121.41762648496628
C1086,鮮爭,花東,L111,醫院,B,26272.705202007055,2024-12-06,0,23.692202081020792,121.15226346956277
C1087,台灣士賓,台南,L102,藥局,C,23578.390130462885,2024-07-29,0,23.00156513526627,120.2437145548707
C1088,華中郵政有限公司,高雄,L101,診所,C,8359.128397889363,2026-01-11,1,22.632338860198868,120.25978963012567
C1089,愛味之有限公司,台中,L103,診所,C,3993.8085737673805,2024-07-09,1,24.151480142100084,120.56008322480128
C1090,業商週刊股份有限公司,花東,L105,診所,B,73219.09384955406,2022-07-16,1,23.627481704425954,121.07880056852676
C1091,碩華電腦有限公司,桃園,L102,診所,C,16568.6359397008,2024-04-12,0,24.995914867378854,121.28229522015066
C1092,華中航空資訊有限公司,台北,L117,藥局,C,11906.809217383743,2023-06-04,1,25.128296566428958,121.52806755328231
C1093,大八電視資訊有限公司,桃園,L102,藥妝通路,A,111744.77733815734,2024-10-15,0,24.956269937984747,121.36024430870279
C1094,邦城文化事業有限公司,台北,L117,藥妝通路,B,38662.35221261083,2025-10-13,1,25.040153551667643,121.53111304684819
C1095,一統星巴克股份有限公司,桃園,L109,藥局,C,5898.606323625484,2025-12-04,1,25.063518452132833,121.3998436398562
C1096,興復航空運輸有限公司,新北,L108,藥局,B,26653.001831864833,2022-10-21,0,25.04634600253963,121.53481837549556
C1097,聯燁鋼鐵股份有限公司,新北,L108,診所,C,21002.773111484985,2023-07-01,0,25.044006116056458,121.491451760236
C1098,天中電視有限公司,台南,L102,醫院,B,59248.98097435145,2023-04-17,0,23.007561626971604,120.16685936115856
C1099,業商週刊有限公司,桃園,L111,醫院,C,13081.764913803307,2025-11-29,0,24.987229084162646,121.31438732110438
C1100,台灣五星電子有限公司,新北,L108,診所,C,16193.297847751788,2024-07-22,1,24.925057084564596,121.47656890292782
C1101,資華粧業（生資堂）,花東,L105,藥局,A,133955.92261072167,2022-07-05,0,23.668832590476523,121.19663333656518
C1102,光新三越百貨,台南,L102,診所,C,18835.215770474017,2024-05-31,1,23.049125187912573,120.22344304123845
C1103,鮮爭資訊有限公司,花東,L105,診所,B,30044.80234824537,2023-11-02,0,23.720530556207503,121.07031121478532
C1104,冠智科技有限公司,桃園,L114,藥局,C,5845.981676082038,2025-05-02,0,25.03078211792895,121.32139252167157
C1105,邦城文化事業資訊有限公司,新北,L108,藥妝通路,B,63576.510568388774,2024-01-06,0,25.01662202166654,121.52553193648738
C1106,瑞輝大藥廠資訊有限公司,高雄,L115,診所,C,22252.367493095255,2024-01-06,0,22.67564071835455,120.34204408212153
C1107,台灣迪奧汽車有限公司,桃園,L105,藥局,B,43376.11968273156,2022-10-27,1,24.936262489955915,121.3272507349172
C1108,明陽海運有限公司,台北,L109,藥局,C,8284.97807527807,2023-11-17,0,25.040100874803294,121.59208360909172
C1109,旗花（台灣銀）行資訊有限公司,桃園,L107,診所,C,3165.154721599997,2025-02-03,1,25.080307557415594,121.29635862921074
C1110,石金堂有限公司,台南,L107,診所,B,35592.49527770004,2024-10-02,0,22.964504894895747,120.31311800939874
C1111,賓國大飯店股份有限公司,台南,L102,診所,C,17595.97165903991,2025-12-23,1,23.038894692996873,120.21039799459486
C1112,明陽海運,台中,L110,藥局,C,24987.282002932134,2024-05-20,0,24.17737339931937,120.73201981068064
C1113,湖劍山世界股份有限公司,桃園,L105,藥局,B,61974.54371728947,2023-04-26,1,24.9459240326925,121.3792139040685
C1114,平太洋崇光百貨股份有限公司,桃園,L105,藥局,C,6165.991313728282,2022-12-15,0,24.971923774499793,121.32212206830818
C1115,大八電視有限公司,新北,L108,醫院,A,132357.9991633116,2023-11-06,1,25.010993239861527,121.44816623338936
C1116,旗花（台灣銀）行股份有限公司,台北,L100,藥局,C,11678.593394652597,2023-07-06,0,25.035233670185296,121.56007221313725
C1117,台灣電信資訊有限公司,花東,L111,藥局,B,36460.86377892583,2025-12-13,0,23.674745245227168,121.2055426215945
C1118,達友光電股份有限公司,高雄,L101,診所,C,12872.049158427513,2024-11-14,1,22.715677214331375,120.1543476722876
C1119,榮長海運有限公司,高雄,L113,診所,C,15461.254317812183,2024-03-31,1,22.73540451686483,120.27669503493892
C1120,天中電視,新北,L108,醫院,C,12210.433920925636,2023-06-07,1,24.971181532501383,121.47171762571817
C1121,豐兆國際商業銀行股份有限公司,高雄,L112,藥局,B,62215.88103803007,2026-06-01,0,22.60832813772513,120.32332182452383
C1122,風微廣場股份有限公司,高雄,L101,藥妝通路,B,76454.80691134604,2025-07-28,0,22.553620007150652,120.24580801333057
C1123,鐵台,台北,L100,醫院,B,34687.606454519395,2023-01-11,0,24.99025977613524,121.51262942228045
C1124,豐兆國際商業銀行有限公司,台中,L104,診所,C,23452.665660230214,2026-01-10,0,24.039062879201175,120.5386129733229
C1125,台灣地土銀行資訊有限公司,桃園,L102,藥妝通路,C,24926.898653421376,2026-03-31,0,25.03732285404446,121.26640116246598
C1126,華晶國際酒店資訊有限公司,台北,L109,藥局,B,52425.17507819734,2022-08-04,0,25.05262059212736,121.51784845017252
C1127,海鴻精密股份有限公司,台中,L103,診所,B,72637.9533482061,2025-01-02,0,24.210392368747264,120.67767919756305
C1128,台灣酒菸,桃園,L116,藥妝通路,B,49807.55751018903,2024-08-06,0,24.950076508679523,121.26329091619179
C1129,雄遠建設事業股份有限公司,花東,L105,診所,A,99927.51588967678,2025-07-29,0,23.694826469746907,121.13747006724206
C1130,旗花（台灣銀）行股份有限公司,台中,L116,藥妝通路,C,23801.437602481943,2024-11-14,1,24.11028395864451,120.67500131896686
C1131,台北登來喜大飯店有限公司,台南,L102,藥局,C,21747.197415521998,2024-06-18,0,23.003328106887043,120.24202677801566
C1132,業商週刊有限公司,花東,L105,藥妝通路,B,39868.798350963014,2023-05-14,0,23.71325842525527,121.19512898650892
C1133,達宏國際電子資訊有限公司,台北,L117,藥妝通路,B,73298.10835605455,2026-01-08,1,25.078231304196024,121.55033384471778
C1134,輝燁企業股份有限公司,台南,L107,藥局,B,47969.06109597251,2023-04-15,1,23.023937241244138,120.26092762515015
C1135,都亞緻麗,高雄,L115,醫院,C,6594.617403287999,2023-10-14,0,22.53352693927961,120.31512620173574
C1136,邦城文化事業股份有限公司,台南,L102,藥局,B,35366.08666567657,2026-01-14,1,23.015905726051837,120.25171829492761
C1137,德汎有限公司,桃園,L117,醫院,C,12438.57466986308,2024-09-20,0,24.96199707648323,121.23905617882671
C1138,台北眾大捷運股份有限公司,台中,L116,醫院,C,3992.524405604128,2022-09-24,1,24.16885763223503,120.78837728846389
C1139,碩華電腦資訊有限公司,花東,L105,藥局,C,12790.353206787828,2026-03-04,1,23.749520003024728,121.12161880849145
C1140,台灣五星電子有限公司,台中,L104,藥妝通路,A,184076.36486014177,2022-07-28,1,24.051383725172045,120.67214215697375
C1141,德汎有限公司,花東,L111,藥局,C,18506.44310694998,2024-07-07,0,23.687920938347364,121.0392740856364
C1142,風微廣場有限公司,新北,L108,醫院,A,173584.3812646774,2024-01-03,0,25.044632749340636,121.35052691303635
C1143,心安食品服務（斯摩漢堡）,桃園,L105,診所,C,8199.92957843798,2026-03-24,0,24.964100663102073,121.26616091583527
C1144,Goagle資訊有限公司,花東,L105,藥妝通路,C,20612.839654824704,2023-12-26,1,23.77345623941378,121.22647444704326
C1145,邦富人壽保險資訊有限公司,台中,L103,診所,B,45807.04023053784,2024-04-15,0,24.231771176502033,120.68447885307168
C1146,興復航空運輸資訊有限公司,台北,L100,診所,B,34288.01728869931,2025-09-05,0,24.934872205092528,121.57961691669276
C1147,心安食品服務（斯摩漢堡）有限公司,台南,L102,診所,C,12278.853379720349,2026-02-26,0,23.086022328941553,120.21835834039672
C1148,台灣BIM有限公司,台中,L110,藥妝通路,B,51155.86452781141,2023-03-07,0,24.12398535129979,120.76163087504254
C1149,碩華電腦股份有限公司,台北,L106,藥妝通路,C,17780.79214950948,2022-08-19,0,25.060582357300902,121.62471319454792
C1150,台灣軟微股份有限公司,台南,L102,藥局,B,65986.2113529556,2025-08-21,0,22.86407511455973,120.21555437237993
C1151,合作庫金商業銀行股份有限公司,台中,L110,診所,C,9409.247978286247,2024-05-01,1,24.167496612319436,120.7202565718167
C1152,海鴻精密資訊有限公司,新北,L108,診所,B,33108.42744170722,2025-03-16,0,24.979547590840067,121.3984979203883
C1153,松黑有限公司,新北,L108,藥局,C,12861.293929753354,2023-03-09,0,25.09640880373249,121.482617396737
C1154,秀威影城有限公司,台北,L100,診所,B,42261.57246614056,2025-11-26,0,25.086736314598863,121.44555199842661
C1155,台灣鐵高資訊有限公司,台中,L116,藥局,C,22077.790085347533,2022-06-25,0,24.133652467763024,120.66229695236413
C1156,達友光電股份有限公司,新北,L108,藥局,B,25869.30554920736,2024-06-21,0,25.035463494209417,121.52168878495849
C1157,碩華電腦,台南,L107,診所,B,71631.027697301,2022-12-24,1,23.050095356307967,120.24121732332316
C1158,樂可旅遊集團有限公司,高雄,L112,藥局,C,9518.591869976672,2025-10-01,0,22.58383944883551,120.26649671904786
C1159,都亞緻麗有限公司,高雄,L113,藥局,C,20863.740433231986,2025-05-17,1,22.63569545872235,120.25240549355267
C1160,德汎資訊有限公司,花東,L111,診所,B,39552.86829403871,2024-09-18,0,23.68460385228402,121.16489052113221
C1161,星燦國際旅行社有限公司,台南,L102,藥局,B,56414.204913065754,2026-04-08,0,22.99051844742763,120.2600121497616
C1162,台灣台油有限公司,高雄,L101,診所,C,7300.9082027249215,2024-10-20,0,22.54270181781497,120.29096973799433
C1163,隆豐大飯店（北台君悅）有限公司,高雄,L114,藥妝通路,B,75784.08322491968,2023-07-18,1,22.695261389231177,120.37727238856029
C1164,華中航空股份有限公司,台北,L100,診所,B,68783.3246194229,2023-04-04,0,25.01785755250093,121.56284528273733
C1165,碁宏股份有限公司,新北,L108,藥妝通路,B,71566.9077779534,2026-04-13,0,25.01969344839967,121.50851128644256
C1166,業商週刊,台北,L100,藥妝通路,C,4111.7917503012695,2022-12-31,0,24.98315380710368,121.57415629764868
C1167,一統超商,新北,L108,診所,C,12706.900466572279,2022-12-18,0,24.928633085936905,121.49298292010262
C1168,風微廣場有限公司,新北,L108,診所,A,108600.62352344721,2024-02-14,0,24.97525168633126,121.43240383824173
C1169,德汎,高雄,L114,藥局,C,20495.109688819608,2022-08-19,1,22.635017295549478,120.44461710797444
C1170,月日光半導體有限公司,新北,L108,診所,C,5063.772128169949,2024-10-17,1,25.03381735204365,121.42087917384092
C1171,星燦國際旅行社,台南,L102,藥妝通路,C,10410.84396433191,2024-01-11,0,22.956139094137942,120.21016397318972
C1172,華中航空,台中,L103,藥局,C,10662.069436152036,2023-01-04,0,24.139216269871373,120.72598339600556
C1173,台灣五星電子資訊有限公司,花東,L105,藥局,B,66033.73884276507,2025-07-27,0,23.669853910108515,121.28687639300159
C1174,華聯電子資訊有限公司,高雄,L112,醫院,C,19367.8838992898,2024-04-28,0,22.600093702097887,120.31698847140834
C1175,古太可口可樂股份有限公司,桃園,L103,藥妝通路,C,6102.6005989003215,2022-08-02,1,24.95857917859163,121.26929443213307
C1176,衣優庫（Nuiqlo）,高雄,L101,診所,A,94413.27561216612,2026-02-16,0,22.57086818706993,120.26964366159801
C1177,心安食品服務（斯摩漢堡）有限公司,台北,L117,藥局,C,18680.493262748594,2024-08-27,0,24.950899942146933,121.55402666930765
C1178,都亞緻麗,桃園,L114,診所,B,71313.85834747319,2023-09-19,1,24.95898021771735,121.31982914120643
C1179,平太洋崇光百貨,新北,L108,診所,C,15514.343718455018,2025-04-11,0,25.119496637240722,121.59885865223396
C1180,台北登來喜大飯店,桃園,L102,診所,C,4629.552160251539,2024-08-28,0,24.920596894896818,121.35152761754826
C1181,塑台石化,台南,L102,藥局,B,55018.90571567049,2024-07-22,0,23.066870040848176,120.24481495224417
C1182,神漢名店百貨有限公司,台中,L116,藥局,C,14345.123647483386,2024-07-09,1,24.188965667895992,120.74637302150339
C1183,台灣迪奧汽車資訊有限公司,台中,L116,藥局,B,30235.314608533576,2024-09-18,1,24.03657028867593,120.65405811339556
C1184,湖劍山世界股份有限公司,花東,L105,診所,C,10177.243967609249,2023-11-22,0,23.70334124229527,121.0291450444463
C1185,台灣力電有限公司,台中,L103,藥局,C,7926.804643067081,2025-04-15,0,24.157910616591515,120.64587237548965
C1186,大八電視,花東,L111,藥妝通路,C,23524.536085977114,2025-08-13,0,23.645021454357952,121.18482766362007
C1187,資華粧業（生資堂）股份有限公司,花東,L111,藥妝通路,C,8920.871015901726,2025-02-25,0,23.73251969802891,121.14967777377987
C1188,華晶國際酒店股份有限公司,台中,L110,診所,C,5798.971161620216,2025-09-04,1,24.069082195014072,120.55133628953591
C1189,立三電視,台南,L102,藥局,A,117963.37488040581,2025-05-02,0,23.028207684040883,120.18548397822953
C1190,湖劍山世界股份有限公司,高雄,L115,藥局,B,49457.84154059101,2026-02-19,1,22.644693128555105,120.31083397060617
C1191,賓國大飯店有限公司,台北,L109,藥妝通路,C,17519.697373216513,2023-07-25,0,24.96913163523243,121.45569628131351
C1192,全味食品工業股份有限公司,新北,L108,診所,B,37342.87409710775,2025-01-11,0,25.022986845839004,121.34232641695172
C1193,榮長航空,台中,L110,藥局,C,5261.549315184488,2024-07-18,0,24.018338617447,120.65761518795549
C1194,遠西百貨,花東,L105,藥局,B,70342.8548475921,2025-08-17,1,23.68999843631009,121.1815463011079
C1195,台灣人銀行資訊有限公司,台中,L116,醫院,C,24355.623546316685,2024-04-01,0,23.972670407158176,120.7450183422106
C1196,松黑,花東,L111,診所,C,4650.380761733932,2023-07-18,1,23.76553946605772,121.14109387405746
C1197,遠西百貨,台中,L104,藥妝通路,C,7830.7510284460095,2024-08-03,1,24.225310598107562,120.5925940529124
C1198,旗花（台灣銀）行,花東,L111,診所,C,23386.750737788203,2025-05-27,0,23.56697802747571,121.12161941174911
C1199,台灣來自水資訊有限公司,台中,L103,藥局,B,51141.808983598225,2025-04-18,0,24.108462211981784,120.68651815779648
C1200,麥當當,桃園,L115,診所,C,22472.045740989615,2024-06-28,0,24.97943219449332,121.25693673455652
C1201,聯燁鋼鐵有限公司,台北,L100,診所,A,132929.2915540741,2025-04-26,0,25.134795200978253,121.48497862751873
C1202,碁宏股份有限公司,桃園,L111,診所,A,109795.30974623513,2023-03-24,0,24.9784762310758,121.25384140352412
C1203,麥當當股份有限公司,新北,L108,藥局,B,30515.806917238762,2022-09-14,0,25.07481022956372,121.46807205822485
C1204,台灣軟微資訊有限公司,台北,L117,藥局,C,3931.6145079715056,2024-08-31,0,25.0481112649177,121.48111250714338
C1205,一統超商有限公司,新北,L108,藥妝通路,A,134300.9517829261,2024-07-12,1,25.05642784210197,121.4621882330625
C1206,品誠,高雄,L115,診所,C,23462.32142350273,2024-06-09,1,22.635095791249967,120.29721207285428
C1207,石金堂有限公司,高雄,L115,診所,B,46443.9207879935,2022-07-27,0,22.666869052855116,120.27758516952574
C1208,台灣來自水,桃園,L107,診所,C,8796.459420164989,2025-01-07,0,25.108586692604124,121.25519364096137
C1209,天中電視股份有限公司,台南,L102,藥妝通路,C,10538.306512740093,2026-04-07,0,23.069236974942616,120.39844630538839
C1210,月日光半導體股份有限公司,台南,L107,診所,C,18627.902224502242,2023-08-10,1,23.10304159651974,120.24337175108155
C1211,石金堂,台北,L109,藥局,B,25776.860341225318,2025-05-18,0,24.948585150063888,121.44673505625796
C1212,台日積體電路資訊有限公司,桃園,L104,醫院,B,45824.15100889852,2025-01-30,0,25.01803583362413,121.32422352376375
C1213,台灣迪奧汽車股份有限公司,新北,L108,藥局,C,14700.124827114552,2025-03-07,1,25.028606238388573,121.50056424036613
C1214,天中電視資訊有限公司,新北,L108,藥妝通路,B,69351.93008377333,2022-10-03,0,25.109509571360874,121.47819952384273
C1215,鮮爭有限公司,台北,L100,藥局,A,172422.43393330195,2023-01-16,0,25.0456831885029,121.58882729592322
C1216,品誠,高雄,L101,診所,B,48380.644759576855,2025-05-09,1,22.67365238845497,120.3347087409167
C1217,全味食品工業股份有限公司,高雄,L113,診所,B,33349.09531933572,2024-03-10,0,22.691407724034658,120.30728011484597
C1218,發聯科技資訊有限公司,台南,L107,藥局,C,14582.121993970302,2025-10-01,1,23.075246890960084,120.22130208136444
C1219,古太可口可樂股份有限公司,新北,L108,診所,C,16152.83273053648,2023-03-16,0,25.024541748539388,121.4589894795337
C1220,碩華電腦股份有限公司,花東,L105,診所,C,10111.849456032302,2024-02-07,0,23.65316834437426,121.11310768131283
C1221,業商週刊有限公司,台南,L107,藥妝通路,B,51530.68025460129,2026-01-27,0,22.897146433765393,120.18269740514738
C1222,雄遠建設事業有限公司,台北,L106,診所,B,35452.48687777782,2025-06-03,0,25.063463707098297,121.6015804112056
C1223,品王餐飲資訊有限公司,桃園,L102,診所,C,19467.3182716481,2022-12-19,0,24.965494458126035,121.42165556674404
C1224,創群光電（奇原美電子）有限公司,台南,L107,診所,A,124265.40568849648,2025-08-23,0,23.00054432497241,120.21409105005374
C1225,明陽海運資訊有限公司,台中,L103,藥局,C,24256.457758099878,2024-05-12,1,24.173959340412058,120.71025069498465
C1226,台灣迪奧汽車有限公司,桃園,L112,藥局,C,15364.201843683091,2025-12-02,1,24.98771558588805,121.2620442248234
C1227,家宜家居（KIEA）,台中,L116,藥局,C,22119.18329809406,2026-04-11,0,24.182456918279257,120.80475182598505
C1228,愛味之股份有限公司,花東,L111,診所,B,63707.77319971235,2026-01-19,1,23.692388455197356,121.09024960961341
C1229,榮長海運股份有限公司,台南,L102,藥妝通路,C,9580.75317166349,2026-04-07,1,22.955022598613688,120.22371773378904
C1230,麥當當股份有限公司,桃園,L117,藥妝通路,C,12595.001298280318,2025-02-20,0,25.008400988976646,121.36607518348784
C1231,台灣電信有限公司,高雄,L114,藥妝通路,A,126162.01671936097,2025-04-15,0,22.614443503446733,120.19061977933278
C1232,創群光電（奇原美電子）資訊有限公司,花東,L111,醫院,A,128392.8299516413,2022-07-14,0,23.810971349513366,121.1116077324183
C1233,台灣迪奧汽車股份有限公司,花東,L105,藥局,B,32621.930329335457,2023-09-13,1,23.834445826913367,121.20266038015755
C1234,鐵台有限公司,台中,L110,診所,A,167345.70703982265,2026-02-27,1,24.10269989582509,120.64315596541597
C1235,華福大飯店有限公司,台北,L106,醫院,C,12377.372469961248,2023-04-14,0,25.033802548762953,121.64286174331104
C1236,律理法律股份有限公司,台北,L106,藥局,A,137317.85234875648,2023-09-20,0,25.05729893913548,121.69946317477186
C1237,大八電視股份有限公司,新北,L108,藥局,B,41801.43368041435,2024-12-24,0,24.883731544482618,121.55099623385648
C1238,聯燁鋼鐵有限公司,台南,L102,藥局,C,3189.579656942545,2026-03-26,1,23.165746153521937,120.27707153284214
C1239,聯燁鋼鐵股份有限公司,桃園,L113,醫院,C,3240.5638644346022,2024-01-27,1,24.98301804297064,121.25949381541986
C1240,雄豹旅遊有限公司,台中,L103,藥局,C,22635.912885491918,2023-03-30,0,24.1567048678207,120.69303941537632
C1241,台灣地土銀行,花東,L105,藥妝通路,C,14823.626613787485,2024-07-01,0,23.764963829719903,121.12113272266704
C1242,天上雜誌有限公司,台北,L100,藥妝通路,A,103757.68957002886,2022-11-14,1,25.063266678859748,121.52345868881376
C1243,華中郵政,高雄,L114,藥局,C,10094.19300879911,2023-09-02,1,22.530771597443803,120.34151332059541
C1244,台灣印無品良股份有限公司,桃園,L107,藥局,C,14867.630690616568,2024-07-09,0,24.967085398975218,121.29000214661437
C1245,台灣雅萊（Y'ORÉAL）資訊有限公司,高雄,L113,藥局,C,20385.34941856757,2023-12-16,0,22.575343606970065,120.20255022205716
C1246,遊戲葡萄數位科技,台北,L106,藥局,C,16030.048909776897,2025-07-18,1,25.099598178586344,121.64680578944784
C1247,碁宏資訊有限公司,花東,L111,診所,B,64782.61820319361,2024-12-19,0,23.70385620750411,121.21242735635384
C1248,發聯科技資訊有限公司,新北,L108,藥妝通路,C,10442.721541265208,2023-03-16,0,25.002342857155984,121.40531930395792
C1249,王鼎餐飲集團有限公司,桃園,L110,藥局,C,23312.65918567333,2022-12-08,0,24.93530287361922,121.34538155050478
C1250,明陽海運有限公司,台北,L109,藥局,A,161961.79477387975,2025-04-29,0,25.065467850293082,121.51574494555592
C1251,品王餐飲有限公司,高雄,L101,藥局,B,31569.66397607852,2025-07-02,1,22.61802335448281,120.23006719078414
C1252,台灣BIM,台中,L116,診所,B,45245.129904813846,2022-10-28,0,24.167364788197116,120.70865014440113
C1253,都亞緻麗,台中,L116,藥局,C,3362.6084131154544,2022-08-23,0,24.160746424918194,120.67145051520004
C1254,國中鋼鐵,高雄,L112,藥局,C,8496.173931813886,2024-05-04,0,22.6762189643303,120.259293983224
C1255,台灣印無品良有限公司,台北,L109,診所,C,23900.038952632574,2025-04-18,0,25.066184607221516,121.5803348159205
C1256,輝燁企業,桃園,L104,醫院,C,14364.63910654627,2024-01-15,0,24.95751235130646,121.40340605842513
C1257,秀威影城股份有限公司,台中,L104,藥妝通路,A,146910.01961916592,2024-04-08,0,24.134785332605432,120.78053762756228
C1258,鐵台股份有限公司,台南,L107,藥妝通路,A,180343.97011493304,2026-05-28,0,23.064641115787506,120.19448099598644
C1259,全味食品工業有限公司,台北,L100,診所,C,5737.028551983525,2025-04-03,1,24.935684492390187,121.60226640737355
C1260,華晶國際酒店有限公司,台中,L116,藥妝通路,B,50121.00790946995,2026-04-18,0,24.26893838192655,120.56950143507727
C1261,神漢名店百貨有限公司,花東,L111,診所,C,20003.69191608687,2025-05-08,0,23.748174085446458,121.23050037067934
C1262,華中郵政,台南,L107,藥妝通路,C,23500.134397496942,2024-03-02,0,23.026070968657486,120.11842298186497
C1263,達友光電股份有限公司,高雄,L101,診所,A,139587.7876576625,2024-05-13,0,22.56947348876594,120.37737827343017
C1264,律理法律有限公司,桃園,L104,診所,C,21984.380249006226,2025-04-09,1,25.078209719718117,121.3195647703856
C1265,雄豹旅遊股份有限公司,高雄,L101,藥局,C,19380.754709396737,2024-08-19,1,22.644513467097557,120.18657321591027
C1266,台灣地土銀行股份有限公司,台南,L107,診所,C,8411.582400193645,2024-06-25,1,22.987910094776115,120.27663036797728
C1267,台灣力電資訊有限公司,台北,L109,藥局,C,13381.375673448767,2024-02-15,0,25.088822671457375,121.51912619002591
C1268,台灣BIM股份有限公司,台南,L107,診所,C,15819.014158076692,2025-04-18,1,23.08767216917754,120.17799240924379
C1269,華中航空股份有限公司,高雄,L101,藥局,C,24712.78078648568,2022-12-21,0,22.699745501698676,120.28164743609847
C1270,遠西百貨股份有限公司,新北,L108,診所,C,11533.008551817651,2023-03-21,0,25.103723521761864,121.4534147112514
C1271,共公電視股份有限公司,桃園,L104,診所,C,8492.748336544184,2025-11-14,1,24.943991453676418,121.29975761815363
C1272,AYHOO!摩奇股份有限公司,台中,L116,醫院,C,10816.193870161092,2024-10-20,0,24.061971073946424,120.64824634103206
C1273,見遠雜誌有限公司,桃園,L102,診所,C,15210.93027115605,2025-02-06,0,25.022711893888662,121.28662297067392
C1274,碩華電腦資訊有限公司,台北,L109,藥局,C,6849.51242472474,2023-05-28,0,24.991593067530886,121.47626765042867
C1275,AYHOO!摩奇,高雄,L101,藥局,A,107035.68065388,2026-02-06,1,22.60535699286123,120.38534818290177
C1276,台灣地土銀行有限公司,台中,L110,藥局,C,5211.484031167585,2025-03-05,0,24.21886855012713,120.68625187612528
C1277,聯燁鋼鐵資訊有限公司,台北,L109,藥局,C,22523.3037590082,2026-03-24,1,24.96458758860093,121.55691583975047
C1278,遠西百貨有限公司,台中,L110,診所,A,94033.66797070499,2025-01-12,0,24.158478800846805,120.6384772898816
C1279,台北眾大捷運資訊有限公司,台南,L107,藥妝通路,B,29132.667436270796,2022-07-10,1,22.971959617668723,120.22546165637914
C1280,塑台石化股份有限公司,高雄,L112,藥局,C,4348.6894470157295,2024-01-26,0,22.52071794166923,120.36257065505988
C1281,美奧廣告,台南,L107,診所,B,73028.19649946345,2026-04-06,0,22.902555690792912,120.23383251164853
C1282,塑台石化資訊有限公司,高雄,L113,診所,C,4189.194855609182,2022-08-26,1,22.59528882845903,120.35474763905162
C1283,華聯電子資訊有限公司,新北,L108,藥局,C,13181.57663196927,2023-02-28,0,25.002240268689228,121.45297415375266
C1284,鮮爭股份有限公司,新北,L108,診所,B,68281.7624696668,2024-09-09,0,24.97723585425157,121.49286512595735
C1285,台灣酒菸,花東,L105,醫院,C,12489.002193347409,2023-03-17,0,23.691287802038893,121.09725222383703
C1286,秀威影城有限公司,台中,L110,診所,C,14556.229598599031,2025-03-02,0,24.132123158119253,120.7317882692435
C1287,台灣士賓有限公司,高雄,L113,藥局,C,13070.1741063017,2026-05-04,0,22.593113424483303,120.26334014038846
C1288,古太可口可樂資訊有限公司,台北,L106,診所,C,5058.4604833936155,2024-04-02,0,25.08359045860136,121.47295593022415
C1289,台灣迪奧汽車,桃園,L100,藥妝通路,A,95223.04975540601,2023-12-26,0,25.14323562034368,121.24608645673081
C1290,橋子王生技股份有限公司,桃園,L117,診所,C,23487.353226548177,2025-10-31,1,24.998123972588765,121.29092755583443
C1291,塑台石化,桃園,L117,醫院,C,6282.052045499664,2024-04-25,0,25.052159043017642,121.29169218262805
C1292,塑台石化股份有限公司,高雄,L112,藥妝通路,A,165063.4494128975,2025-10-14,0,22.57391258042217,120.21328163418109
C1293,榮長海運,新北,L108,藥局,B,57686.19354076013,2024-03-14,1,25.051234545211237,121.35218715495247
C1294,麥當當資訊有限公司,台南,L107,醫院,B,79264.42546387305,2023-03-17,0,23.023484510132423,120.24533481151416
C1295,光新三越百貨資訊有限公司,桃園,L102,藥局,C,20087.150879684385,2025-11-01,1,24.973653447939615,121.2519464961002
C1296,興復航空運輸股份有限公司,桃園,L112,醫院,B,68849.42057497252,2026-01-08,0,24.998317060171907,121.2492319988256
C1297,一統星巴克,新北,L108,診所,B,35082.498902824715,2023-11-08,0,25.085455353367408,121.46400223745198
C1298,明陽海運股份有限公司,桃園,L114,藥局,C,16499.31957103233,2025-04-28,0,25.088155217312725,121.41085725732539
C1299,華中郵政有限公司,高雄,L112,醫院,C,20399.032878991886,2023-03-07,0,22.675343147300183,120.31800918375986
C1300,台灣鐵高,台北,L106,藥局,B,30394.390490001286,2024-01-29,0,24.9269822861122,121.65069761868493
C1301,品王餐飲資訊有限公司,桃園,L113,藥局,A,89540.66757108443,2022-11-30,1,25.089602836879177,121.32634804545424
C1302,國中鋼鐵,花東,L111,藥妝通路,A,119139.51704042792,2023-06-30,0,23.63671294330888,121.17627339371556
C1303,丹味企業,桃園,L102,診所,C,20377.931598182928,2026-03-02,0,24.89760303995494,121.3855943730365
C1304,台灣軟微有限公司,台北,L109,藥局,A,102117.20025078289,2022-10-11,1,25.052079921664845,121.51834448946508
C1305,台灣電信股份有限公司,桃園,L111,藥妝通路,B,30364.958872514046,2023-05-02,0,24.966775644487928,121.31363208024736
C1306,邦富人壽保險有限公司,高雄,L112,診所,C,22421.805307180763,2024-12-11,0,22.58131228994814,120.22879682901866
C1307,美奧廣告有限公司,新北,L108,診所,A,195681.64428317564,2022-12-29,1,24.98914871696343,121.34437903941549
C1308,星燦國際旅行社,高雄,L101,診所,B,61262.280775404906,2023-06-03,0,22.593297218481393,120.26354230417208
C1309,台灣地土銀行,台南,L107,藥妝通路,C,24220.78649759885,2024-08-01,0,22.953968244137766,120.21677542056591
C1310,台灣力電有限公司,台中,L110,診所,C,19738.454487066556,2023-11-23,0,24.073929556158426,120.69502772057628
C1311,衣優庫（Nuiqlo）資訊有限公司,新北,L108,診所,C,18645.581560271465,2023-10-31,0,25.009758289603994,121.4094117606391
C1312,台灣生資堂資訊有限公司,高雄,L114,診所,B,43280.742426989054,2024-08-17,0,22.571245656151124,120.24718793320542
C1313,台灣BIM,新北,L108,藥局,C,5162.9650047690175,2026-04-02,1,25.028854282474953,121.61110854456334
C1314,麥當當有限公司,台北,L109,藥局,B,34516.31567388133,2026-03-03,1,25.04546503585685,121.47113413544577
C1315,橋子王生技,台北,L100,藥妝通路,B,57919.06689737964,2025-12-06,0,24.96647182150372,121.5791676218675
C1316,瑞輝大藥廠股份有限公司,台南,L107,藥妝通路,B,78040.185458172,2023-08-08,0,22.959796296778304,120.28324261801518
C1317,天上雜誌有限公司,台北,L100,醫院,C,18636.75377048245,2022-07-16,0,25.00166569122745,121.61227087231342
C1318,一統企業股份有限公司,新北,L108,診所,A,140868.10130729846,2024-06-25,0,25.0310071965891,121.53572894498987
C1319,華聯電子資訊有限公司,花東,L111,藥妝通路,A,114598.22813725624,2024-03-28,0,23.717812940698174,121.15553079839509
C1320,丹味企業資訊有限公司,新北,L108,醫院,B,66882.92613009433,2022-10-21,0,25.05700506111716,121.42261911431567
C1321,華聯電子股份有限公司,台中,L103,醫院,A,91442.41438194324,2023-04-21,0,24.136345258205896,120.85550574490664
C1322,台灣軟微,台北,L109,診所,B,69652.85842531722,2023-09-05,0,25.04922912316661,121.51086013832918
C1323,聯燁鋼鐵資訊有限公司,台北,L106,藥局,B,31166.773990981386,2026-01-10,0,25.02990592963143,121.59820002195698
C1324,共公電視有限公司,新北,L108,診所,B,74403.7744847979,2022-10-18,0,24.945596668724104,121.52665256933149
C1325,台灣台油有限公司,桃園,L106,藥局,C,15166.286139576929,2025-05-08,0,25.016401397942918,121.24177669072779
C1326,麥當當股份有限公司,台北,L100,診所,C,18314.55986748628,2026-02-19,0,24.95127695014884,121.48007689403158
C1327,台日積體電路資訊有限公司,台中,L103,藥局,C,16084.775076452283,2023-11-22,0,24.122603896578173,120.63917981854848
C1328,心安食品服務（斯摩漢堡）股份有限公司,新北,L108,藥局,B,61555.21050094205,2025-05-02,0,24.983999267728098,121.46527236400689
C1329,台灣軟微資訊有限公司,台中,L103,診所,A,132004.869975129,2024-02-20,0,24.207810038172966,120.75921908603358
C1330,冠智科技有限公司,台南,L102,藥局,B,76838.00948258938,2025-05-30,1,22.921819494551514,120.26393511727169
C1331,創群光電（奇原美電子）股份有限公司,高雄,L115,醫院,C,23611.943880498915,2024-04-07,0,22.671776906019105,120.35594957613283
C1332,中台信託商業銀行有限公司,台北,L100,診所,A,117346.77310450686,2023-08-18,1,24.952007955262257,121.6177409207977
C1333,信永藥品資訊有限公司,高雄,L115,藥局,C,9049.359224416563,2026-04-26,0,22.725958102614022,120.24880611054901
C1334,台灣人銀行股份有限公司,桃園,L106,藥妝通路,B,43707.64245286636,2025-10-19,0,24.99126424797091,121.28221746284443
C1335,榮長航空,台中,L116,藥局,C,5554.184773834244,2026-04-08,0,24.021102961187204,120.62762107902306
C1336,家宜家居（KIEA）有限公司,高雄,L113,藥局,C,10616.718017944015,2024-02-11,0,22.69169546990735,120.27703198127175
C1337,衣優庫（Nuiqlo）股份有限公司,台中,L110,藥局,A,132925.0255610472,2023-01-18,0,24.144044616717526,120.64711706125803
C1338,麥當當資訊有限公司,台南,L107,藥妝通路,B,40770.91455385699,2022-10-13,0,23.0419409044593,120.16646204134472
C1339,遊戲葡萄數位科技資訊有限公司,台北,L117,藥妝通路,B,32605.78508217589,2022-07-31,0,24.992800294187308,121.63351648389919
C1340,輝燁企業,台中,L116,診所,C,21357.30054732544,2024-05-10,1,24.15154820814269,120.63316889870916
C1341,品誠股份有限公司,台北,L106,診所,C,5947.498823038168,2024-05-27,0,25.062279482248275,121.50066256877707
C1342,月日光半導體有限公司,台中,L104,藥局,A,182034.0422186461,2023-10-28,0,24.158355467015415,120.70595827317656
C1343,台灣電信有限公司,台南,L107,藥妝通路,C,15267.16900476001,2022-07-16,0,23.075290992881236,120.19553510642174
C1344,麥當當有限公司,台北,L117,診所,A,151548.72914575198,2026-04-05,0,25.03480039231186,121.5484102002668
C1345,都亞緻麗資訊有限公司,桃園,L100,藥局,B,63053.3812816822,2026-06-01,0,25.03111271583477,121.2842467448473
C1346,台灣力電有限公司,台南,L102,藥妝通路,A,175021.67477492886,2026-05-24,0,22.99829462244795,120.19696291124069
C1347,美奧廣告有限公司,花東,L105,診所,B,49156.66985788125,2024-03-29,0,23.64356724262515,121.12878628216622
C1348,國中鋼鐵,台南,L107,藥妝通路,C,18515.281293420434,2023-02-11,0,23.042279711938274,120.3272672737138
C1349,月日光半導體股份有限公司,高雄,L114,藥局,C,16420.539185788068,2025-11-29,1,22.560949889070876,120.3053319548498
C1350,達廣電腦資訊有限公司,新北,L108,診所,C,3014.130681397222,2023-11-17,0,24.958193547197514,121.63166684719597
C1351,全味食品工業股份有限公司,台中,L116,藥局,B,63899.695680743745,2022-08-04,1,24.15412930437036,120.59684476166947
C1352,德汎資訊有限公司,高雄,L101,藥局,C,5412.429782217362,2024-12-01,0,22.604893422019032,120.36776037749017
C1353,明陽海運資訊有限公司,花東,L105,藥局,B,25907.019243770745,2025-10-09,0,23.741073522367987,121.23210795005285
C1354,海鴻精密有限公司,台南,L107,診所,B,54925.39503152709,2025-07-13,0,22.916830164110554,120.25648715539639
C1355,雄遠建設事業有限公司,花東,L111,診所,C,10568.817701701382,2024-05-16,0,23.730826010656088,121.06585429685673
C1356,塑台石化資訊有限公司,台中,L116,藥局,C,22899.13970922784,2025-09-10,1,24.22630238157202,120.72606054570677
C1357,鐵台資訊有限公司,台北,L106,藥局,B,32724.758711396244,2024-08-30,0,25.047487129576147,121.65184875588025
C1358,台灣生資堂資訊有限公司,桃園,L104,藥局,A,171888.6929018073,2023-07-28,1,24.9221709747187,121.31069147912923
C1359,秀威影城,台北,L106,藥局,B,43043.912840851764,2026-01-29,0,25.097543378049654,121.5868053774185
C1360,王鼎餐飲集團股份有限公司,新北,L108,診所,A,140145.09602461575,2026-05-28,0,24.921763797523983,121.40757265462504
C1361,共公電視股份有限公司,台中,L104,藥局,B,73964.18635054602,2023-09-06,0,24.16881584624912,120.70187502747075
C1362,榮長航空,新北,L108,藥妝通路,C,21381.286823481874,2023-10-14,0,25.00765800100545,121.48707271158517
C1363,達友光電,花東,L111,診所,A,195817.0540468879,2024-02-05,0,23.75982856648394,121.04215402246116
C1364,心安食品服務（斯摩漢堡）,新北,L108,藥局,B,69870.8345429633,2026-03-20,1,24.94153671242792,121.45260753098522
C1365,碩華電腦股份有限公司,高雄,L112,藥妝通路,B,42008.734948488585,2025-03-02,0,22.649095784754852,120.29705525967017
C1366,台灣軟微,新北,L108,醫院,B,73950.80707879568,2025-06-21,0,25.140172705677248,121.46750700784668
C1367,碩華電腦股份有限公司,花東,L105,藥局,B,41294.0104458618,2023-04-21,1,23.778639394496814,121.25245943604133
C1368,邦富人壽保險,桃園,L105,醫院,C,13715.00085434145,2025-09-10,0,25.138668332166986,121.21762859886691
C1369,湖劍山世界股份有限公司,台南,L107,診所,A,152032.79376692983,2023-06-16,0,22.953770281937466,120.1922335948651
C1370,雄遠建設事業有限公司,台中,L103,診所,C,18054.728032954758,2026-03-07,0,24.131767571522246,120.69329643772485
C1371,古太可口可樂,高雄,L113,藥局,C,19595.94351209629,2023-01-22,1,22.665148009848764,120.34501237182178
C1372,中台信託商業銀行有限公司,高雄,L115,藥局,C,12489.91126317316,2023-03-10,1,22.546536320329302,120.2080496353001
C1373,發聯科技資訊有限公司,台中,L110,藥局,C,15741.370089007556,2025-10-05,1,24.150799102866838,120.7593719184741
C1374,光新三越百貨有限公司,花東,L111,診所,B,72107.28004958754,2026-01-24,0,23.69805845854059,121.14529315251247
C1375,中台信託商業銀行股份有限公司,高雄,L112,診所,A,141383.7363965177,2024-08-02,0,22.635512399241364,120.33067300052117
C1376,AYHOO!摩奇,台北,L117,診所,C,8471.18837733303,2026-03-10,1,25.037780364356056,121.52740474786359
C1377,榮長航空股份有限公司,新北,L108,藥局,C,20991.950399371708,2023-04-18,0,25.09791020307572,121.50590087321365
C1378,台灣地土銀行,台南,L107,藥妝通路,A,180333.89415102254,2024-05-08,1,22.926093875926902,120.22397155563311
C1379,天中電視股份有限公司,高雄,L115,藥局,B,26281.00830025813,2024-03-15,0,22.61060477389257,120.32962702133422
C1380,華聯電子股份有限公司,桃園,L111,診所,A,104795.57912628642,2026-05-04,0,25.01045126092353,121.3037721965489
C1381,輝燁企業資訊有限公司,桃園,L111,藥局,C,4355.091340111977,2024-09-20,0,25.00842040244905,121.25685488058498
C1382,一統星巴克,花東,L105,藥局,C,3683.8519601766684,2023-07-27,0,23.66935517159802,121.04915043057612
C1383,全味食品工業股份有限公司,台南,L107,藥局,B,47755.827874211136,2025-04-10,0,23.077660815833212,120.21007825713261
C1384,榮長海運股份有限公司,花東,L111,診所,C,16378.836157627664,2022-08-21,0,23.621488688929947,121.16822189613764
C1385,愛味之資訊有限公司,高雄,L113,診所,B,45170.87044114778,2024-01-15,0,22.654068460254862,120.35705274663881
C1386,台灣地土銀行股份有限公司,新北,L108,藥局,A,136395.84729492402,2025-01-24,1,24.96251413644337,121.49039401597847
C1387,一統企業股份有限公司,台北,L106,藥局,B,36202.91419940989,2025-12-12,1,25.013236507755238,121.56795735138472
C1388,天中電視股份有限公司,新北,L108,醫院,B,75302.95844044689,2024-08-04,1,25.05410473058394,121.36322418970042
C1389,台灣鐵高,花東,L105,藥妝通路,B,61482.3403654985,2024-05-10,1,23.540291198954193,121.09449432954423
C1390,一統企業有限公司,高雄,L101,診所,B,69566.0237666245,2024-04-30,0,22.6018690058718,120.25747952402565
C1391,遠西百貨資訊有限公司,桃園,L108,藥局,C,22039.500823686205,2024-11-23,0,24.973856779677106,121.28565061194544
C1392,華晶國際酒店股份有限公司,花東,L111,藥局,B,72676.31343276317,2022-10-12,0,23.783665949935358,121.16130851292101
C1393,明陽海運,台中,L110,診所,C,14223.658452550875,2026-04-12,0,24.152859943900314,120.53354937746738
C1394,台灣鐵高有限公司,高雄,L112,藥局,A,88764.95297141107,2024-01-09,0,22.632791586354333,120.189070669854
C1395,台灣五星電子股份有限公司,台南,L107,藥妝通路,B,77746.45112068433,2023-08-08,0,22.896754502937302,120.161446743777
C1396,松黑資訊有限公司,台北,L100,診所,B,32135.045879769805,2025-05-04,0,24.956277401933388,121.58950493515918
C1397,愛味之資訊有限公司,花東,L105,診所,C,7333.556157017725,2026-02-13,0,23.65246119701449,121.14776860041465
C1398,大八電視股份有限公司,台中,L110,藥局,A,132922.23486851223,2024-12-14,0,24.18534963380031,120.5776900880792
C1399,隆豐大飯店（北台君悅）股份有限公司,台中,L103,藥妝通路,C,10118.615619485337,2025-06-25,0,24.050606363828898,120.82037907153462
C1400,衣優庫（Nuiqlo）,花東,L111,診所,C,8301.497525788582,2024-04-18,0,23.56358447007644,121.12975347688868
C1401,麥當當資訊有限公司,桃園,L107,藥局,B,76137.25375742902,2024-03-11,0,24.99435082556529,121.35430145149009
C1402,橋子王生技股份有限公司,新北,L108,醫院,C,9927.326522105068,2022-11-11,1,25.08285103962712,121.48658920904465
C1403,台灣地土銀行資訊有限公司,台南,L107,藥局,C,17088.250218188634,2024-04-07,0,23.011563918602672,120.26918152754273
C1404,華福大飯店股份有限公司,高雄,L115,診所,C,5976.202427246179,2022-10-10,0,22.623328442038677,120.27693615370373
C1405,旗花（台灣銀）行股份有限公司,桃園,L104,診所,C,15037.657960770217,2024-08-26,1,25.07401526405711,121.33201942832967
C1406,丹味企業,桃園,L117,診所,C,6554.115981926262,2024-02-09,0,25.006764160185234,121.31507573485361
C1407,遊戲葡萄數位科技股份有限公司,高雄,L114,藥妝通路,B,60591.53334404615,2025-09-24,0,22.611961617697133,120.27994819348673
C1408,瑞輝大藥廠股份有限公司,台中,L110,診所,B,40081.13212613699,2025-03-14,0,24.08565333162822,120.65530466974364
C1409,雄豹旅遊有限公司,台北,L109,醫院,B,67064.71215957121,2025-09-07,0,25.086713104133572,121.58179927539221
C1410,天中電視資訊有限公司,新北,L108,藥局,C,15313.902607109227,2025-03-19,1,25.032287534651513,121.50401722006625
C1411,王鼎餐飲集團有限公司,台南,L102,藥妝通路,C,19957.826200312637,2024-06-12,1,23.0214087766763,120.14560400894366
C1412,發聯科技資訊有限公司,高雄,L112,診所,B,68901.65130844552,2024-11-25,1,22.599601467824744,120.3366354597047
C1413,隆豐大飯店（北台君悅）有限公司,花東,L111,藥局,C,12403.442198667082,2024-05-29,0,23.688729897158566,121.14251871795942
C1414,律理法律資訊有限公司,台中,L103,藥局,C,3736.6385179362105,2024-11-28,0,24.141747295886436,120.69754619231789
C1415,台北邦富商業銀行有限公司,高雄,L101,診所,B,54580.67194489094,2024-07-20,0,22.621394955480536,120.31609635362267
C1416,達宏國際電子資訊有限公司,台南,L102,藥局,B,40412.65598384258,2024-11-09,0,22.866783193063792,120.21382436064448
C1417,丹味企業,台北,L117,藥局,B,63876.15456153156,2025-04-04,1,25.002401369419946,121.63186064036903
C1418,Goagle資訊有限公司,桃園,L110,藥局,C,18387.321627090874,2024-07-05,1,25.038878617030356,121.43759232137259
C1419,華中航空股份有限公司,花東,L111,醫院,B,64802.30851160817,2023-02-15,0,23.684620299683687,121.17829643921282
